year,labor_force
2000,38790735
2001,40511879
2002,41102232
2003,41746162
2004,42508994
2005,43513617
2006,44781401
2007,46296491
2008,47894666
2009,49267257
2010,50303014
2011,51197726
2012,51916391
2013,53209344
2014,53885546
2015,54628714
2016,54888312
2017,55533898
2018,56235855
2019,56180127
2020,55149609
2021,55299911
2022,56475416
2023,56381956
2024,56703936
2025,57041323
